metric,value
sequence,SDPFAGLGAGNIHLGYFDGPDDAATLAEAADRLTDQLIARLPVVRDHRVLDVGCGVGKPALRLAGDLGVRVVGVSISEAQIGIANEAARAAGLADRVSFRYADAMRLPFPDASFDGVWAMESLHHMPDRLQALREIARVLRHGGVLSIADFVQLGPVREQDEEALRAFRSGGGVHTLTGIAEYEAEIADAGLTLTSSSDISANVRPSMVRTAEAIRGAADAFLPLMGEEGLRRLIDNFERAATVPQIGYALFAARRS
length,257
plddt,0.8705827263267484
tm_score,0.92607
rmsd,3.3430801208824805
lddt,0.8822611094975321
Global_LDDT,0.8807573458220668
RMSD95,63.012436
ref_clash_score,0
query_clash_score,0
gdt,77.13414634146342
